{
    "0": {
        "precision": 0.8658658658658659,
        "recall": 0.865,
        "f1-score": 0.8654327163581791,
        "support": 1000.0
    },
    "1": {
        "precision": 0.9792899408284024,
        "recall": 0.993,
        "f1-score": 0.9860973187686196,
        "support": 1000.0
    },
    "2": {
        "precision": 0.8710659898477158,
        "recall": 0.858,
        "f1-score": 0.8644836272040303,
        "support": 1000.0
    },
    "3": {
        "precision": 0.9472551130247578,
        "recall": 0.88,
        "f1-score": 0.9123898392949715,
        "support": 1000.0
    },
    "4": {
        "precision": 0.8116197183098591,
        "recall": 0.922,
        "f1-score": 0.8632958801498127,
        "support": 1000.0
    },
    "5": {
        "precision": 0.9907692307692307,
        "recall": 0.966,
        "f1-score": 0.9782278481012658,
        "support": 1000.0
    },
    "6": {
        "precision": 0.7628205128205128,
        "recall": 0.714,
        "f1-score": 0.737603305785124,
        "support": 1000.0
    },
    "7": {
        "precision": 0.9411196911196911,
        "recall": 0.975,
        "f1-score": 0.9577603143418467,
        "support": 1000.0
    },
    "8": {
        "precision": 0.9849699398797596,
        "recall": 0.983,
        "f1-score": 0.983983983983984,
        "support": 1000.0
    },
    "9": {
        "precision": 0.967741935483871,
        "recall": 0.96,
        "f1-score": 0.963855421686747,
        "support": 1000.0
    },
    "accuracy": 0.9116,
    "macro avg": {
        "precision": 0.9122517937949667,
        "recall": 0.9116,
        "f1-score": 0.911313025567458,
        "support": 10000.0
    },
    "weighted avg": {
        "precision": 0.9122517937949666,
        "recall": 0.9116,
        "f1-score": 0.9113130255674582,
        "support": 10000.0
    }
}