{
    "0": {
        "precision": 0.8310249307479224,
        "recall": 0.9,
        "f1-score": 0.8641382621219396,
        "support": 1000.0
    },
    "1": {
        "precision": 0.9772727272727273,
        "recall": 0.989,
        "f1-score": 0.9831013916500994,
        "support": 1000.0
    },
    "2": {
        "precision": 0.8008620689655173,
        "recall": 0.929,
        "f1-score": 0.8601851851851852,
        "support": 1000.0
    },
    "3": {
        "precision": 0.934322033898305,
        "recall": 0.882,
        "f1-score": 0.9074074074074074,
        "support": 1000.0
    },
    "4": {
        "precision": 0.9152348224513173,
        "recall": 0.799,
        "f1-score": 0.8531767218366257,
        "support": 1000.0
    },
    "5": {
        "precision": 0.9917525773195877,
        "recall": 0.962,
        "f1-score": 0.9766497461928934,
        "support": 1000.0
    },
    "6": {
        "precision": 0.7921653971708379,
        "recall": 0.728,
        "f1-score": 0.7587285044293903,
        "support": 1000.0
    },
    "7": {
        "precision": 0.951195219123506,
        "recall": 0.955,
        "f1-score": 0.9530938123752495,
        "support": 1000.0
    },
    "8": {
        "precision": 0.9860973187686196,
        "recall": 0.993,
        "f1-score": 0.9895366218236173,
        "support": 1000.0
    },
    "9": {
        "precision": 0.9484435797665369,
        "recall": 0.975,
        "f1-score": 0.9615384615384616,
        "support": 1000.0
    },
    "accuracy": 0.9112,
    "macro avg": {
        "precision": 0.9128370675484877,
        "recall": 0.9112,
        "f1-score": 0.910755611456087,
        "support": 10000.0
    },
    "weighted avg": {
        "precision": 0.9128370675484877,
        "recall": 0.9112,
        "f1-score": 0.9107556114560869,
        "support": 10000.0
    }
}