{
    "0": {
        "precision": 0.8041237113402062,
        "recall": 0.858,
        "f1-score": 0.8301886792452831,
        "support": 1000.0
    },
    "1": {
        "precision": 0.9897750511247444,
        "recall": 0.968,
        "f1-score": 0.9787664307381193,
        "support": 1000.0
    },
    "2": {
        "precision": 0.8343621399176955,
        "recall": 0.811,
        "f1-score": 0.8225152129817445,
        "support": 1000.0
    },
    "3": {
        "precision": 0.8892245720040282,
        "recall": 0.883,
        "f1-score": 0.8861013547415956,
        "support": 1000.0
    },
    "4": {
        "precision": 0.7757520510483136,
        "recall": 0.851,
        "f1-score": 0.8116356700047688,
        "support": 1000.0
    },
    "5": {
        "precision": 0.977296181630547,
        "recall": 0.947,
        "f1-score": 0.9619095987811072,
        "support": 1000.0
    },
    "6": {
        "precision": 0.7191780821917808,
        "recall": 0.63,
        "f1-score": 0.6716417910447762,
        "support": 1000.0
    },
    "7": {
        "precision": 0.9045412418906394,
        "recall": 0.976,
        "f1-score": 0.9389129389129389,
        "support": 1000.0
    },
    "8": {
        "precision": 0.9720837487537388,
        "recall": 0.975,
        "f1-score": 0.9735396904643036,
        "support": 1000.0
    },
    "9": {
        "precision": 0.968944099378882,
        "recall": 0.936,
        "f1-score": 0.9521871820956256,
        "support": 1000.0
    },
    "accuracy": 0.8835,
    "macro avg": {
        "precision": 0.8835280879280576,
        "recall": 0.8835,
        "f1-score": 0.8827398549010261,
        "support": 10000.0
    },
    "weighted avg": {
        "precision": 0.8835280879280576,
        "recall": 0.8835,
        "f1-score": 0.8827398549010262,
        "support": 10000.0
    }
}