{
    "0": {
        "precision": 0.8538993089832182,
        "recall": 0.865,
        "f1-score": 0.8594138102334824,
        "support": 1000.0
    },
    "1": {
        "precision": 0.9879638916750251,
        "recall": 0.985,
        "f1-score": 0.9864797195793691,
        "support": 1000.0
    },
    "2": {
        "precision": 0.8356417359187442,
        "recall": 0.905,
        "f1-score": 0.8689390302448392,
        "support": 1000.0
    },
    "3": {
        "precision": 0.892278360343184,
        "recall": 0.936,
        "f1-score": 0.9136163982430454,
        "support": 1000.0
    },
    "4": {
        "precision": 0.8798735511064278,
        "recall": 0.835,
        "f1-score": 0.8568496664956388,
        "support": 1000.0
    },
    "5": {
        "precision": 0.9867075664621677,
        "recall": 0.965,
        "f1-score": 0.9757330637007078,
        "support": 1000.0
    },
    "6": {
        "precision": 0.796420581655481,
        "recall": 0.712,
        "f1-score": 0.7518479408658922,
        "support": 1000.0
    },
    "7": {
        "precision": 0.922211808809747,
        "recall": 0.984,
        "f1-score": 0.9521044992743106,
        "support": 1000.0
    },
    "8": {
        "precision": 0.9771371769383698,
        "recall": 0.983,
        "f1-score": 0.9800598205383848,
        "support": 1000.0
    },
    "9": {
        "precision": 0.9813278008298755,
        "recall": 0.946,
        "f1-score": 0.9633401221995926,
        "support": 1000.0
    },
    "accuracy": 0.9116,
    "macro avg": {
        "precision": 0.9113461782722242,
        "recall": 0.9116,
        "f1-score": 0.9108384071375264,
        "support": 10000.0
    },
    "weighted avg": {
        "precision": 0.9113461782722239,
        "recall": 0.9116,
        "f1-score": 0.9108384071375263,
        "support": 10000.0
    }
}