{
    "0": {
        "precision": 0.8364140480591498,
        "recall": 0.905,
        "f1-score": 0.8693563880883766,
        "support": 1000.0
    },
    "1": {
        "precision": 0.9889336016096579,
        "recall": 0.983,
        "f1-score": 0.9859578736208626,
        "support": 1000.0
    },
    "2": {
        "precision": 0.8670576735092864,
        "recall": 0.887,
        "f1-score": 0.8769154720711814,
        "support": 1000.0
    },
    "3": {
        "precision": 0.9236326109391125,
        "recall": 0.895,
        "f1-score": 0.9090909090909091,
        "support": 1000.0
    },
    "4": {
        "precision": 0.8226822682268227,
        "recall": 0.914,
        "f1-score": 0.8659403126480341,
        "support": 1000.0
    },
    "5": {
        "precision": 0.9801390268123138,
        "recall": 0.987,
        "f1-score": 0.9835575485799701,
        "support": 1000.0
    },
    "6": {
        "precision": 0.8165249088699879,
        "recall": 0.672,
        "f1-score": 0.7372462973121229,
        "support": 1000.0
    },
    "7": {
        "precision": 0.9507874015748031,
        "recall": 0.966,
        "f1-score": 0.9583333333333334,
        "support": 1000.0
    },
    "8": {
        "precision": 0.9889112903225806,
        "recall": 0.981,
        "f1-score": 0.9849397590361446,
        "support": 1000.0
    },
    "9": {
        "precision": 0.9735503560528993,
        "recall": 0.957,
        "f1-score": 0.9652042360060514,
        "support": 1000.0
    },
    "accuracy": 0.9147,
    "macro avg": {
        "precision": 0.9148633185976612,
        "recall": 0.9147000000000001,
        "f1-score": 0.9136542129786986,
        "support": 10000.0
    },
    "weighted avg": {
        "precision": 0.9148633185976615,
        "recall": 0.9147,
        "f1-score": 0.9136542129786988,
        "support": 10000.0
    }
}