{
    "0": {
        "precision": 0.87,
        "recall": 0.87,
        "f1-score": 0.87,
        "support": 1000.0
    },
    "1": {
        "precision": 0.9869477911646586,
        "recall": 0.983,
        "f1-score": 0.9849699398797596,
        "support": 1000.0
    },
    "2": {
        "precision": 0.8862275449101796,
        "recall": 0.888,
        "f1-score": 0.8871128871128872,
        "support": 1000.0
    },
    "3": {
        "precision": 0.9226907630522089,
        "recall": 0.919,
        "f1-score": 0.9208416833667334,
        "support": 1000.0
    },
    "4": {
        "precision": 0.9024390243902439,
        "recall": 0.851,
        "f1-score": 0.8759650025733402,
        "support": 1000.0
    },
    "5": {
        "precision": 0.9781746031746031,
        "recall": 0.986,
        "f1-score": 0.9820717131474104,
        "support": 1000.0
    },
    "6": {
        "precision": 0.7367424242424242,
        "recall": 0.778,
        "f1-score": 0.7568093385214008,
        "support": 1000.0
    },
    "7": {
        "precision": 0.9762150982419855,
        "recall": 0.944,
        "f1-score": 0.9598373157092018,
        "support": 1000.0
    },
    "8": {
        "precision": 0.9830845771144279,
        "recall": 0.988,
        "f1-score": 0.9855361596009975,
        "support": 1000.0
    },
    "9": {
        "precision": 0.9532619279454723,
        "recall": 0.979,
        "f1-score": 0.9659595461272817,
        "support": 1000.0
    },
    "accuracy": 0.9186,
    "macro avg": {
        "precision": 0.9195783754236204,
        "recall": 0.9186,
        "f1-score": 0.9189103586039012,
        "support": 10000.0
    },
    "weighted avg": {
        "precision": 0.9195783754236205,
        "recall": 0.9186,
        "f1-score": 0.9189103586039012,
        "support": 10000.0
    }
}