{
    "0": {
        "precision": 0.8592964824120602,
        "recall": 0.855,
        "f1-score": 0.8571428571428571,
        "support": 1000.0
    },
    "1": {
        "precision": 0.9888888888888889,
        "recall": 0.979,
        "f1-score": 0.9839195979899498,
        "support": 1000.0
    },
    "2": {
        "precision": 0.8393194706994329,
        "recall": 0.888,
        "f1-score": 0.8629737609329446,
        "support": 1000.0
    },
    "3": {
        "precision": 0.8705772811918063,
        "recall": 0.935,
        "f1-score": 0.9016393442622951,
        "support": 1000.0
    },
    "4": {
        "precision": 0.8191094619666048,
        "recall": 0.883,
        "f1-score": 0.8498556304138595,
        "support": 1000.0
    },
    "5": {
        "precision": 0.9776876267748479,
        "recall": 0.964,
        "f1-score": 0.9707955689828801,
        "support": 1000.0
    },
    "6": {
        "precision": 0.8060453400503779,
        "recall": 0.64,
        "f1-score": 0.7134894091415831,
        "support": 1000.0
    },
    "7": {
        "precision": 0.9465875370919882,
        "recall": 0.957,
        "f1-score": 0.9517652909000497,
        "support": 1000.0
    },
    "8": {
        "precision": 0.9779338014042126,
        "recall": 0.975,
        "f1-score": 0.9764646970455684,
        "support": 1000.0
    },
    "9": {
        "precision": 0.9498525073746312,
        "recall": 0.966,
        "f1-score": 0.9578582052553297,
        "support": 1000.0
    },
    "accuracy": 0.9042,
    "macro avg": {
        "precision": 0.9035298397854851,
        "recall": 0.9042,
        "f1-score": 0.9025904362067317,
        "support": 10000.0
    },
    "weighted avg": {
        "precision": 0.903529839785485,
        "recall": 0.9042,
        "f1-score": 0.9025904362067318,
        "support": 10000.0
    }
}