{
    "0": {
        "precision": 0.877742946708464,
        "recall": 0.84,
        "f1-score": 0.858456821665815,
        "support": 1000.0
    },
    "1": {
        "precision": 0.9840478564307079,
        "recall": 0.987,
        "f1-score": 0.9855217174238642,
        "support": 1000.0
    },
    "2": {
        "precision": 0.8113879003558719,
        "recall": 0.912,
        "f1-score": 0.8587570621468926,
        "support": 1000.0
    },
    "3": {
        "precision": 0.91991991991992,
        "recall": 0.919,
        "f1-score": 0.9194597298649325,
        "support": 1000.0
    },
    "4": {
        "precision": 0.865979381443299,
        "recall": 0.84,
        "f1-score": 0.8527918781725888,
        "support": 1000.0
    },
    "5": {
        "precision": 0.9887983706720977,
        "recall": 0.971,
        "f1-score": 0.9798183652875883,
        "support": 1000.0
    },
    "6": {
        "precision": 0.7707676130389064,
        "recall": 0.733,
        "f1-score": 0.7514095335725269,
        "support": 1000.0
    },
    "7": {
        "precision": 0.9485436893203884,
        "recall": 0.977,
        "f1-score": 0.9625615763546798,
        "support": 1000.0
    },
    "8": {
        "precision": 0.9888551165146909,
        "recall": 0.976,
        "f1-score": 0.9823855057876195,
        "support": 1000.0
    },
    "9": {
        "precision": 0.9679037111334002,
        "recall": 0.965,
        "f1-score": 0.9664496745117677,
        "support": 1000.0
    },
    "accuracy": 0.912,
    "macro avg": {
        "precision": 0.9123946505537747,
        "recall": 0.9120000000000001,
        "f1-score": 0.9117611864788275,
        "support": 10000.0
    },
    "weighted avg": {
        "precision": 0.9123946505537746,
        "recall": 0.912,
        "f1-score": 0.9117611864788275,
        "support": 10000.0
    }
}