{
    "0": {
        "precision": 0.8423153692614771,
        "recall": 0.844,
        "f1-score": 0.8431568431568431,
        "support": 1000.0
    },
    "1": {
        "precision": 0.9771598808341608,
        "recall": 0.984,
        "f1-score": 0.9805680119581465,
        "support": 1000.0
    },
    "2": {
        "precision": 0.8136704119850188,
        "recall": 0.869,
        "f1-score": 0.8404255319148937,
        "support": 1000.0
    },
    "3": {
        "precision": 0.8602050326188257,
        "recall": 0.923,
        "f1-score": 0.8904968644476604,
        "support": 1000.0
    },
    "4": {
        "precision": 0.8048327137546468,
        "recall": 0.866,
        "f1-score": 0.8342967244701349,
        "support": 1000.0
    },
    "5": {
        "precision": 0.9737903225806451,
        "recall": 0.966,
        "f1-score": 0.9698795180722891,
        "support": 1000.0
    },
    "6": {
        "precision": 0.7900912646675359,
        "recall": 0.606,
        "f1-score": 0.6859083191850595,
        "support": 1000.0
    },
    "7": {
        "precision": 0.9519427402862985,
        "recall": 0.931,
        "f1-score": 0.9413549039433772,
        "support": 1000.0
    },
    "8": {
        "precision": 0.9798994974874372,
        "recall": 0.975,
        "f1-score": 0.9774436090225563,
        "support": 1000.0
    },
    "9": {
        "precision": 0.9309021113243762,
        "recall": 0.97,
        "f1-score": 0.9500489715964741,
        "support": 1000.0
    },
    "accuracy": 0.8934,
    "macro avg": {
        "precision": 0.8924809344800423,
        "recall": 0.8934,
        "f1-score": 0.8913579297767434,
        "support": 10000.0
    },
    "weighted avg": {
        "precision": 0.8924809344800422,
        "recall": 0.8934,
        "f1-score": 0.8913579297767436,
        "support": 10000.0
    }
}