{
    "0": {
        "precision": 0.8461538461538461,
        "recall": 0.847,
        "f1-score": 0.8465767116441779,
        "support": 1000.0
    },
    "1": {
        "precision": 0.9858585858585859,
        "recall": 0.976,
        "f1-score": 0.9809045226130654,
        "support": 1000.0
    },
    "2": {
        "precision": 0.8163064833005894,
        "recall": 0.831,
        "f1-score": 0.8235877106045589,
        "support": 1000.0
    },
    "3": {
        "precision": 0.9047619047619048,
        "recall": 0.893,
        "f1-score": 0.898842476094615,
        "support": 1000.0
    },
    "4": {
        "precision": 0.8491155046826223,
        "recall": 0.816,
        "f1-score": 0.8322284548699643,
        "support": 1000.0
    },
    "5": {
        "precision": 0.9843912591050988,
        "recall": 0.946,
        "f1-score": 0.9648138704742478,
        "support": 1000.0
    },
    "6": {
        "precision": 0.6951102588686481,
        "recall": 0.725,
        "f1-score": 0.7097405775819873,
        "support": 1000.0
    },
    "7": {
        "precision": 0.931237721021611,
        "recall": 0.948,
        "f1-score": 0.9395441030723488,
        "support": 1000.0
    },
    "8": {
        "precision": 0.9838872104733132,
        "recall": 0.977,
        "f1-score": 0.980431510286001,
        "support": 1000.0
    },
    "9": {
        "precision": 0.9406614785992218,
        "recall": 0.967,
        "f1-score": 0.9536489151873767,
        "support": 1000.0
    },
    "accuracy": 0.8926,
    "macro avg": {
        "precision": 0.8937484252825441,
        "recall": 0.8926000000000001,
        "f1-score": 0.8930318852428343,
        "support": 10000.0
    },
    "weighted avg": {
        "precision": 0.8937484252825442,
        "recall": 0.8926,
        "f1-score": 0.8930318852428343,
        "support": 10000.0
    }
}