epoch,train_loss,val_loss
1,0.7774264054699531,0.5099614979104793
2,0.49873027911683393,0.418129082055802
3,0.4307892299588258,0.3667793892165448
4,0.39366413405721223,0.3471983312926394
5,0.3700431106144218,0.33637196903533123
6,0.35413631895707115,0.3180621491467699
7,0.3392206790958536,0.3124031728886543
8,0.32289553694956674,0.2996049339466907
9,0.31477589820516055,0.2900034835998048
10,0.306404242159631,0.2956188308431747
